{"cameraMode":{"drawMode":0,"name":"Shaded","section":"Shading Mode"},"sceneLighting":true,"audioPlay":false,"sceneViewState":{"m_AlwaysRefresh":false,"showFog":true,"showSkybox":true,"showFlares":true,"showImageEffects":true,"showParticleSystems":true,"showVisualEffectGraphs":true,"m_FxEnabled":true},"in2DMode":false,"pivot":{"x":8.88744068145752,"y":-0.9909364581108093,"z":-10.831079483032227},"rotation":{"x":0.004071539267897606,"y":-0.9862047433853149,"z":-0.02426203526556492,"w":-0.16418297588825227},"size":12.540704727172852,"orthographic":false}